{"assets/Agne.otf":["assets/Agne.otf"],"assets/icons/.DS_Store":["assets/icons/.DS_Store"],"assets/icons/Excellent.svg":["assets/icons/Excellent.svg"],"assets/icons/Good.svg":["assets/icons/Good.svg"],"assets/icons/Moderate.svg":["assets/icons/Moderate.svg"],"assets/icons/Poor.svg":["assets/icons/Poor.svg"],"assets/icons/Unhealthy.svg":["assets/icons/Unhealthy.svg"],"assets/images/.DS_Store":["assets/images/.DS_Store"],"assets/images/avatar.png":["assets/images/avatar.png"],"assets/images/destination_map_marker.png":["assets/images/destination_map_marker.png"],"assets/images/greenlab.png":["assets/images/greenlab.png"],"assets/images/greenlab_512x512.png":["assets/images/greenlab_512x512.png"],"assets/images/logo-smartph.png":["assets/images/logo-smartph.png"],"assets/images/marker.png":["assets/images/marker.png"],"assets/images/splash.png":["assets/images/splash.png"],"assets/images/splash1.png":["assets/images/splash1.png"],"packages/circle_flags/assets/png/ac.png":["packages/circle_flags/assets/png/ac.png"],"packages/circle_flags/assets/png/ad.png":["packages/circle_flags/assets/png/ad.png"],"packages/circle_flags/assets/png/ae.png":["packages/circle_flags/assets/png/ae.png"],"packages/circle_flags/assets/png/af.png":["packages/circle_flags/assets/png/af.png"],"packages/circle_flags/assets/png/ag.png":["packages/circle_flags/assets/png/ag.png"],"packages/circle_flags/assets/png/ai.png":["packages/circle_flags/assets/png/ai.png"],"packages/circle_flags/assets/png/al.png":["packages/circle_flags/assets/png/al.png"],"packages/circle_flags/assets/png/am.png":["packages/circle_flags/assets/png/am.png"],"packages/circle_flags/assets/png/ao.png":["packages/circle_flags/assets/png/ao.png"],"packages/circle_flags/assets/png/aq.png":["packages/circle_flags/assets/png/aq.png"],"packages/circle_flags/assets/png/ar.png":["packages/circle_flags/assets/png/ar.png"],"packages/circle_flags/assets/png/as.png":["packages/circle_flags/assets/png/as.png"],"packages/circle_flags/assets/png/at.png":["packages/circle_flags/assets/png/at.png"],"packages/circle_flags/assets/png/au.png":["packages/circle_flags/assets/png/au.png"],"packages/circle_flags/assets/png/aw.png":["packages/circle_flags/assets/png/aw.png"],"packages/circle_flags/assets/png/ax.png":["packages/circle_flags/assets/png/ax.png"],"packages/circle_flags/assets/png/az.png":["packages/circle_flags/assets/png/az.png"],"packages/circle_flags/assets/png/ba.png":["packages/circle_flags/assets/png/ba.png"],"packages/circle_flags/assets/png/bb.png":["packages/circle_flags/assets/png/bb.png"],"packages/circle_flags/assets/png/bd.png":["packages/circle_flags/assets/png/bd.png"],"packages/circle_flags/assets/png/be.png":["packages/circle_flags/assets/png/be.png"],"packages/circle_flags/assets/png/bf.png":["packages/circle_flags/assets/png/bf.png"],"packages/circle_flags/assets/png/bg.png":["packages/circle_flags/assets/png/bg.png"],"packages/circle_flags/assets/png/bh.png":["packages/circle_flags/assets/png/bh.png"],"packages/circle_flags/assets/png/bi.png":["packages/circle_flags/assets/png/bi.png"],"packages/circle_flags/assets/png/bj.png":["packages/circle_flags/assets/png/bj.png"],"packages/circle_flags/assets/png/bl.png":["packages/circle_flags/assets/png/bl.png"],"packages/circle_flags/assets/png/bm.png":["packages/circle_flags/assets/png/bm.png"],"packages/circle_flags/assets/png/bn.png":["packages/circle_flags/assets/png/bn.png"],"packages/circle_flags/assets/png/bo.png":["packages/circle_flags/assets/png/bo.png"],"packages/circle_flags/assets/png/bq-sa.png":["packages/circle_flags/assets/png/bq-sa.png"],"packages/circle_flags/assets/png/bq-se.png":["packages/circle_flags/assets/png/bq-se.png"],"packages/circle_flags/assets/png/bq.png":["packages/circle_flags/assets/png/bq.png"],"packages/circle_flags/assets/png/br.png":["packages/circle_flags/assets/png/br.png"],"packages/circle_flags/assets/png/bs.png":["packages/circle_flags/assets/png/bs.png"],"packages/circle_flags/assets/png/bt.png":["packages/circle_flags/assets/png/bt.png"],"packages/circle_flags/assets/png/bw.png":["packages/circle_flags/assets/png/bw.png"],"packages/circle_flags/assets/png/by.png":["packages/circle_flags/assets/png/by.png"],"packages/circle_flags/assets/png/bz.png":["packages/circle_flags/assets/png/bz.png"],"packages/circle_flags/assets/png/ca-bc.png":["packages/circle_flags/assets/png/ca-bc.png"],"packages/circle_flags/assets/png/ca.png":["packages/circle_flags/assets/png/ca.png"],"packages/circle_flags/assets/png/cc.png":["packages/circle_flags/assets/png/cc.png"],"packages/circle_flags/assets/png/cd.png":["packages/circle_flags/assets/png/cd.png"],"packages/circle_flags/assets/png/cf.png":["packages/circle_flags/assets/png/cf.png"],"packages/circle_flags/assets/png/cg.png":["packages/circle_flags/assets/png/cg.png"],"packages/circle_flags/assets/png/ch.png":["packages/circle_flags/assets/png/ch.png"],"packages/circle_flags/assets/png/ci.png":["packages/circle_flags/assets/png/ci.png"],"packages/circle_flags/assets/png/ck.png":["packages/circle_flags/assets/png/ck.png"],"packages/circle_flags/assets/png/cl.png":["packages/circle_flags/assets/png/cl.png"],"packages/circle_flags/assets/png/cm.png":["packages/circle_flags/assets/png/cm.png"],"packages/circle_flags/assets/png/cn.png":["packages/circle_flags/assets/png/cn.png"],"packages/circle_flags/assets/png/co.png":["packages/circle_flags/assets/png/co.png"],"packages/circle_flags/assets/png/cr.png":["packages/circle_flags/assets/png/cr.png"],"packages/circle_flags/assets/png/cu.png":["packages/circle_flags/assets/png/cu.png"],"packages/circle_flags/assets/png/cv.png":["packages/circle_flags/assets/png/cv.png"],"packages/circle_flags/assets/png/cw.png":["packages/circle_flags/assets/png/cw.png"],"packages/circle_flags/assets/png/cx.png":["packages/circle_flags/assets/png/cx.png"],"packages/circle_flags/assets/png/cy.png":["packages/circle_flags/assets/png/cy.png"],"packages/circle_flags/assets/png/cz.png":["packages/circle_flags/assets/png/cz.png"],"packages/circle_flags/assets/png/de.png":["packages/circle_flags/assets/png/de.png"],"packages/circle_flags/assets/png/dj.png":["packages/circle_flags/assets/png/dj.png"],"packages/circle_flags/assets/png/dk.png":["packages/circle_flags/assets/png/dk.png"],"packages/circle_flags/assets/png/dm.png":["packages/circle_flags/assets/png/dm.png"],"packages/circle_flags/assets/png/do.png":["packages/circle_flags/assets/png/do.png"],"packages/circle_flags/assets/png/dz.png":["packages/circle_flags/assets/png/dz.png"],"packages/circle_flags/assets/png/easter_island.png":["packages/circle_flags/assets/png/easter_island.png"],"packages/circle_flags/assets/png/ec-w.png":["packages/circle_flags/assets/png/ec-w.png"],"packages/circle_flags/assets/png/ec.png":["packages/circle_flags/assets/png/ec.png"],"packages/circle_flags/assets/png/ee.png":["packages/circle_flags/assets/png/ee.png"],"packages/circle_flags/assets/png/eg.png":["packages/circle_flags/assets/png/eg.png"],"packages/circle_flags/assets/png/eh.png":["packages/circle_flags/assets/png/eh.png"],"packages/circle_flags/assets/png/er.png":["packages/circle_flags/assets/png/er.png"],"packages/circle_flags/assets/png/es-ce.png":["packages/circle_flags/assets/png/es-ce.png"],"packages/circle_flags/assets/png/es-cn.png":["packages/circle_flags/assets/png/es-cn.png"],"packages/circle_flags/assets/png/es-ga.png":["packages/circle_flags/assets/png/es-ga.png"],"packages/circle_flags/assets/png/es-ib.png":["packages/circle_flags/assets/png/es-ib.png"],"packages/circle_flags/assets/png/es-ml.png":["packages/circle_flags/assets/png/es-ml.png"],"packages/circle_flags/assets/png/es-pv.png":["packages/circle_flags/assets/png/es-pv.png"],"packages/circle_flags/assets/png/es-variant.png":["packages/circle_flags/assets/png/es-variant.png"],"packages/circle_flags/assets/png/es.png":["packages/circle_flags/assets/png/es.png"],"packages/circle_flags/assets/png/esperanto.png":["packages/circle_flags/assets/png/esperanto.png"],"packages/circle_flags/assets/png/et.png":["packages/circle_flags/assets/png/et.png"],"packages/circle_flags/assets/png/european_union.png":["packages/circle_flags/assets/png/european_union.png"],"packages/circle_flags/assets/png/fi.png":["packages/circle_flags/assets/png/fi.png"],"packages/circle_flags/assets/png/fj.png":["packages/circle_flags/assets/png/fj.png"],"packages/circle_flags/assets/png/fk.png":["packages/circle_flags/assets/png/fk.png"],"packages/circle_flags/assets/png/fm.png":["packages/circle_flags/assets/png/fm.png"],"packages/circle_flags/assets/png/fo.png":["packages/circle_flags/assets/png/fo.png"],"packages/circle_flags/assets/png/fr-h.png":["packages/circle_flags/assets/png/fr-h.png"],"packages/circle_flags/assets/png/fr.png":["packages/circle_flags/assets/png/fr.png"],"packages/circle_flags/assets/png/ga.png":["packages/circle_flags/assets/png/ga.png"],"packages/circle_flags/assets/png/gb-eng.png":["packages/circle_flags/assets/png/gb-eng.png"],"packages/circle_flags/assets/png/gb-ork.png":["packages/circle_flags/assets/png/gb-ork.png"],"packages/circle_flags/assets/png/gb-sct.png":["packages/circle_flags/assets/png/gb-sct.png"],"packages/circle_flags/assets/png/gb-wls.png":["packages/circle_flags/assets/png/gb-wls.png"],"packages/circle_flags/assets/png/gb.png":["packages/circle_flags/assets/png/gb.png"],"packages/circle_flags/assets/png/gd.png":["packages/circle_flags/assets/png/gd.png"],"packages/circle_flags/assets/png/ge-ab.png":["packages/circle_flags/assets/png/ge-ab.png"],"packages/circle_flags/assets/png/ge.png":["packages/circle_flags/assets/png/ge.png"],"packages/circle_flags/assets/png/gf.png":["packages/circle_flags/assets/png/gf.png"],"packages/circle_flags/assets/png/gg.png":["packages/circle_flags/assets/png/gg.png"],"packages/circle_flags/assets/png/gh.png":["packages/circle_flags/assets/png/gh.png"],"packages/circle_flags/assets/png/gi.png":["packages/circle_flags/assets/png/gi.png"],"packages/circle_flags/assets/png/gl.png":["packages/circle_flags/assets/png/gl.png"],"packages/circle_flags/assets/png/gm.png":["packages/circle_flags/assets/png/gm.png"],"packages/circle_flags/assets/png/gn.png":["packages/circle_flags/assets/png/gn.png"],"packages/circle_flags/assets/png/gp.png":["packages/circle_flags/assets/png/gp.png"],"packages/circle_flags/assets/png/gq.png":["packages/circle_flags/assets/png/gq.png"],"packages/circle_flags/assets/png/gr.png":["packages/circle_flags/assets/png/gr.png"],"packages/circle_flags/assets/png/gs.png":["packages/circle_flags/assets/png/gs.png"],"packages/circle_flags/assets/png/gt.png":["packages/circle_flags/assets/png/gt.png"],"packages/circle_flags/assets/png/gu.png":["packages/circle_flags/assets/png/gu.png"],"packages/circle_flags/assets/png/gw.png":["packages/circle_flags/assets/png/gw.png"],"packages/circle_flags/assets/png/gy.png":["packages/circle_flags/assets/png/gy.png"],"packages/circle_flags/assets/png/hausa.png":["packages/circle_flags/assets/png/hausa.png"],"packages/circle_flags/assets/png/hk.png":["packages/circle_flags/assets/png/hk.png"],"packages/circle_flags/assets/png/hl.png":["packages/circle_flags/assets/png/hl.png"],"packages/circle_flags/assets/png/hmong.png":["packages/circle_flags/assets/png/hmong.png"],"packages/circle_flags/assets/png/hn.png":["packages/circle_flags/assets/png/hn.png"],"packages/circle_flags/assets/png/hr.png":["packages/circle_flags/assets/png/hr.png"],"packages/circle_flags/assets/png/ht.png":["packages/circle_flags/assets/png/ht.png"],"packages/circle_flags/assets/png/hu.png":["packages/circle_flags/assets/png/hu.png"],"packages/circle_flags/assets/png/id.png":["packages/circle_flags/assets/png/id.png"],"packages/circle_flags/assets/png/ie.png":["packages/circle_flags/assets/png/ie.png"],"packages/circle_flags/assets/png/il.png":["packages/circle_flags/assets/png/il.png"],"packages/circle_flags/assets/png/im.png":["packages/circle_flags/assets/png/im.png"],"packages/circle_flags/assets/png/in.png":["packages/circle_flags/assets/png/in.png"],"packages/circle_flags/assets/png/io.png":["packages/circle_flags/assets/png/io.png"],"packages/circle_flags/assets/png/iq.png":["packages/circle_flags/assets/png/iq.png"],"packages/circle_flags/assets/png/ir.png":["packages/circle_flags/assets/png/ir.png"],"packages/circle_flags/assets/png/is.png":["packages/circle_flags/assets/png/is.png"],"packages/circle_flags/assets/png/it-82.png":["packages/circle_flags/assets/png/it-82.png"],"packages/circle_flags/assets/png/it-88.png":["packages/circle_flags/assets/png/it-88.png"],"packages/circle_flags/assets/png/it.png":["packages/circle_flags/assets/png/it.png"],"packages/circle_flags/assets/png/je.png":["packages/circle_flags/assets/png/je.png"],"packages/circle_flags/assets/png/jm.png":["packages/circle_flags/assets/png/jm.png"],"packages/circle_flags/assets/png/jo.png":["packages/circle_flags/assets/png/jo.png"],"packages/circle_flags/assets/png/jp.png":["packages/circle_flags/assets/png/jp.png"],"packages/circle_flags/assets/png/kannada.png":["packages/circle_flags/assets/png/kannada.png"],"packages/circle_flags/assets/png/ke.png":["packages/circle_flags/assets/png/ke.png"],"packages/circle_flags/assets/png/kg.png":["packages/circle_flags/assets/png/kg.png"],"packages/circle_flags/assets/png/kh.png":["packages/circle_flags/assets/png/kh.png"],"packages/circle_flags/assets/png/ki.png":["packages/circle_flags/assets/png/ki.png"],"packages/circle_flags/assets/png/km.png":["packages/circle_flags/assets/png/km.png"],"packages/circle_flags/assets/png/kn.png":["packages/circle_flags/assets/png/kn.png"],"packages/circle_flags/assets/png/kp.png":["packages/circle_flags/assets/png/kp.png"],"packages/circle_flags/assets/png/kr.png":["packages/circle_flags/assets/png/kr.png"],"packages/circle_flags/assets/png/kurdistan.png":["packages/circle_flags/assets/png/kurdistan.png"],"packages/circle_flags/assets/png/kw.png":["packages/circle_flags/assets/png/kw.png"],"packages/circle_flags/assets/png/ky.png":["packages/circle_flags/assets/png/ky.png"],"packages/circle_flags/assets/png/kz.png":["packages/circle_flags/assets/png/kz.png"],"packages/circle_flags/assets/png/la.png":["packages/circle_flags/assets/png/la.png"],"packages/circle_flags/assets/png/lb.png":["packages/circle_flags/assets/png/lb.png"],"packages/circle_flags/assets/png/lc.png":["packages/circle_flags/assets/png/lc.png"],"packages/circle_flags/assets/png/li.png":["packages/circle_flags/assets/png/li.png"],"packages/circle_flags/assets/png/lk.png":["packages/circle_flags/assets/png/lk.png"],"packages/circle_flags/assets/png/lr.png":["packages/circle_flags/assets/png/lr.png"],"packages/circle_flags/assets/png/ls.png":["packages/circle_flags/assets/png/ls.png"],"packages/circle_flags/assets/png/lt.png":["packages/circle_flags/assets/png/lt.png"],"packages/circle_flags/assets/png/lu.png":["packages/circle_flags/assets/png/lu.png"],"packages/circle_flags/assets/png/lv.png":["packages/circle_flags/assets/png/lv.png"],"packages/circle_flags/assets/png/ly.png":["packages/circle_flags/assets/png/ly.png"],"packages/circle_flags/assets/png/ma.png":["packages/circle_flags/assets/png/ma.png"],"packages/circle_flags/assets/png/malayali.png":["packages/circle_flags/assets/png/malayali.png"],"packages/circle_flags/assets/png/maori.png":["packages/circle_flags/assets/png/maori.png"],"packages/circle_flags/assets/png/mc.png":["packages/circle_flags/assets/png/mc.png"],"packages/circle_flags/assets/png/md.png":["packages/circle_flags/assets/png/md.png"],"packages/circle_flags/assets/png/me.png":["packages/circle_flags/assets/png/me.png"],"packages/circle_flags/assets/png/mf.png":["packages/circle_flags/assets/png/mf.png"],"packages/circle_flags/assets/png/mg.png":["packages/circle_flags/assets/png/mg.png"],"packages/circle_flags/assets/png/mh.png":["packages/circle_flags/assets/png/mh.png"],"packages/circle_flags/assets/png/mk.png":["packages/circle_flags/assets/png/mk.png"],"packages/circle_flags/assets/png/ml.png":["packages/circle_flags/assets/png/ml.png"],"packages/circle_flags/assets/png/mm.png":["packages/circle_flags/assets/png/mm.png"],"packages/circle_flags/assets/png/mn.png":["packages/circle_flags/assets/png/mn.png"],"packages/circle_flags/assets/png/mo.png":["packages/circle_flags/assets/png/mo.png"],"packages/circle_flags/assets/png/mp.png":["packages/circle_flags/assets/png/mp.png"],"packages/circle_flags/assets/png/mq.png":["packages/circle_flags/assets/png/mq.png"],"packages/circle_flags/assets/png/mr.png":["packages/circle_flags/assets/png/mr.png"],"packages/circle_flags/assets/png/ms.png":["packages/circle_flags/assets/png/ms.png"],"packages/circle_flags/assets/png/mt.png":["packages/circle_flags/assets/png/mt.png"],"packages/circle_flags/assets/png/mu.png":["packages/circle_flags/assets/png/mu.png"],"packages/circle_flags/assets/png/mv.png":["packages/circle_flags/assets/png/mv.png"],"packages/circle_flags/assets/png/mw.png":["packages/circle_flags/assets/png/mw.png"],"packages/circle_flags/assets/png/mx.png":["packages/circle_flags/assets/png/mx.png"],"packages/circle_flags/assets/png/my.png":["packages/circle_flags/assets/png/my.png"],"packages/circle_flags/assets/png/mz.png":["packages/circle_flags/assets/png/mz.png"],"packages/circle_flags/assets/png/na.png":["packages/circle_flags/assets/png/na.png"],"packages/circle_flags/assets/png/nato.png":["packages/circle_flags/assets/png/nato.png"],"packages/circle_flags/assets/png/nc.png":["packages/circle_flags/assets/png/nc.png"],"packages/circle_flags/assets/png/ne.png":["packages/circle_flags/assets/png/ne.png"],"packages/circle_flags/assets/png/nf.png":["packages/circle_flags/assets/png/nf.png"],"packages/circle_flags/assets/png/ng.png":["packages/circle_flags/assets/png/ng.png"],"packages/circle_flags/assets/png/ni.png":["packages/circle_flags/assets/png/ni.png"],"packages/circle_flags/assets/png/nl.png":["packages/circle_flags/assets/png/nl.png"],"packages/circle_flags/assets/png/no.png":["packages/circle_flags/assets/png/no.png"],"packages/circle_flags/assets/png/northern_cyprus.png":["packages/circle_flags/assets/png/northern_cyprus.png"],"packages/circle_flags/assets/png/np.png":["packages/circle_flags/assets/png/np.png"],"packages/circle_flags/assets/png/nr.png":["packages/circle_flags/assets/png/nr.png"],"packages/circle_flags/assets/png/nu.png":["packages/circle_flags/assets/png/nu.png"],"packages/circle_flags/assets/png/nz.png":["packages/circle_flags/assets/png/nz.png"],"packages/circle_flags/assets/png/om.png":["packages/circle_flags/assets/png/om.png"],"packages/circle_flags/assets/png/pa.png":["packages/circle_flags/assets/png/pa.png"],"packages/circle_flags/assets/png/pe.png":["packages/circle_flags/assets/png/pe.png"],"packages/circle_flags/assets/png/pf.png":["packages/circle_flags/assets/png/pf.png"],"packages/circle_flags/assets/png/pg.png":["packages/circle_flags/assets/png/pg.png"],"packages/circle_flags/assets/png/ph.png":["packages/circle_flags/assets/png/ph.png"],"packages/circle_flags/assets/png/pk.png":["packages/circle_flags/assets/png/pk.png"],"packages/circle_flags/assets/png/pl.png":["packages/circle_flags/assets/png/pl.png"],"packages/circle_flags/assets/png/pm.png":["packages/circle_flags/assets/png/pm.png"],"packages/circle_flags/assets/png/pn.png":["packages/circle_flags/assets/png/pn.png"],"packages/circle_flags/assets/png/pr.png":["packages/circle_flags/assets/png/pr.png"],"packages/circle_flags/assets/png/ps.png":["packages/circle_flags/assets/png/ps.png"],"packages/circle_flags/assets/png/pt-20.png":["packages/circle_flags/assets/png/pt-20.png"],"packages/circle_flags/assets/png/pt-30.png":["packages/circle_flags/assets/png/pt-30.png"],"packages/circle_flags/assets/png/pt.png":["packages/circle_flags/assets/png/pt.png"],"packages/circle_flags/assets/png/pw.png":["packages/circle_flags/assets/png/pw.png"],"packages/circle_flags/assets/png/py.png":["packages/circle_flags/assets/png/py.png"],"packages/circle_flags/assets/png/qa.png":["packages/circle_flags/assets/png/qa.png"],"packages/circle_flags/assets/png/re.png":["packages/circle_flags/assets/png/re.png"],"packages/circle_flags/assets/png/ro.png":["packages/circle_flags/assets/png/ro.png"],"packages/circle_flags/assets/png/rs.png":["packages/circle_flags/assets/png/rs.png"],"packages/circle_flags/assets/png/ru.png":["packages/circle_flags/assets/png/ru.png"],"packages/circle_flags/assets/png/rw.png":["packages/circle_flags/assets/png/rw.png"],"packages/circle_flags/assets/png/sa.png":["packages/circle_flags/assets/png/sa.png"],"packages/circle_flags/assets/png/sb.png":["packages/circle_flags/assets/png/sb.png"],"packages/circle_flags/assets/png/sc.png":["packages/circle_flags/assets/png/sc.png"],"packages/circle_flags/assets/png/sd.png":["packages/circle_flags/assets/png/sd.png"],"packages/circle_flags/assets/png/se.png":["packages/circle_flags/assets/png/se.png"],"packages/circle_flags/assets/png/sg.png":["packages/circle_flags/assets/png/sg.png"],"packages/circle_flags/assets/png/si.png":["packages/circle_flags/assets/png/si.png"],"packages/circle_flags/assets/png/sindh.png":["packages/circle_flags/assets/png/sindh.png"],"packages/circle_flags/assets/png/sk.png":["packages/circle_flags/assets/png/sk.png"],"packages/circle_flags/assets/png/sl.png":["packages/circle_flags/assets/png/sl.png"],"packages/circle_flags/assets/png/sm.png":["packages/circle_flags/assets/png/sm.png"],"packages/circle_flags/assets/png/sn.png":["packages/circle_flags/assets/png/sn.png"],"packages/circle_flags/assets/png/so.png":["packages/circle_flags/assets/png/so.png"],"packages/circle_flags/assets/png/somaliland.png":["packages/circle_flags/assets/png/somaliland.png"],"packages/circle_flags/assets/png/south_ossetia.png":["packages/circle_flags/assets/png/south_ossetia.png"],"packages/circle_flags/assets/png/sr.png":["packages/circle_flags/assets/png/sr.png"],"packages/circle_flags/assets/png/ss.png":["packages/circle_flags/assets/png/ss.png"],"packages/circle_flags/assets/png/st.png":["packages/circle_flags/assets/png/st.png"],"packages/circle_flags/assets/png/sv.png":["packages/circle_flags/assets/png/sv.png"],"packages/circle_flags/assets/png/sx.png":["packages/circle_flags/assets/png/sx.png"],"packages/circle_flags/assets/png/sy.png":["packages/circle_flags/assets/png/sy.png"],"packages/circle_flags/assets/png/sz.png":["packages/circle_flags/assets/png/sz.png"],"packages/circle_flags/assets/png/ta.png":["packages/circle_flags/assets/png/ta.png"],"packages/circle_flags/assets/png/tc.png":["packages/circle_flags/assets/png/tc.png"],"packages/circle_flags/assets/png/td.png":["packages/circle_flags/assets/png/td.png"],"packages/circle_flags/assets/png/tf.png":["packages/circle_flags/assets/png/tf.png"],"packages/circle_flags/assets/png/tg.png":["packages/circle_flags/assets/png/tg.png"],"packages/circle_flags/assets/png/th.png":["packages/circle_flags/assets/png/th.png"],"packages/circle_flags/assets/png/tibet.png":["packages/circle_flags/assets/png/tibet.png"],"packages/circle_flags/assets/png/tj.png":["packages/circle_flags/assets/png/tj.png"],"packages/circle_flags/assets/png/tk.png":["packages/circle_flags/assets/png/tk.png"],"packages/circle_flags/assets/png/tl.png":["packages/circle_flags/assets/png/tl.png"],"packages/circle_flags/assets/png/tm.png":["packages/circle_flags/assets/png/tm.png"],"packages/circle_flags/assets/png/tn.png":["packages/circle_flags/assets/png/tn.png"],"packages/circle_flags/assets/png/to.png":["packages/circle_flags/assets/png/to.png"],"packages/circle_flags/assets/png/tr.png":["packages/circle_flags/assets/png/tr.png"],"packages/circle_flags/assets/png/transnistria.png":["packages/circle_flags/assets/png/transnistria.png"],"packages/circle_flags/assets/png/tt.png":["packages/circle_flags/assets/png/tt.png"],"packages/circle_flags/assets/png/tv.png":["packages/circle_flags/assets/png/tv.png"],"packages/circle_flags/assets/png/tw.png":["packages/circle_flags/assets/png/tw.png"],"packages/circle_flags/assets/png/tz.png":["packages/circle_flags/assets/png/tz.png"],"packages/circle_flags/assets/png/ua.png":["packages/circle_flags/assets/png/ua.png"],"packages/circle_flags/assets/png/ug.png":["packages/circle_flags/assets/png/ug.png"],"packages/circle_flags/assets/png/united_nations.png":["packages/circle_flags/assets/png/united_nations.png"],"packages/circle_flags/assets/png/us-hi.png":["packages/circle_flags/assets/png/us-hi.png"],"packages/circle_flags/assets/png/us.png":["packages/circle_flags/assets/png/us.png"],"packages/circle_flags/assets/png/uy.png":["packages/circle_flags/assets/png/uy.png"],"packages/circle_flags/assets/png/uz.png":["packages/circle_flags/assets/png/uz.png"],"packages/circle_flags/assets/png/va.png":["packages/circle_flags/assets/png/va.png"],"packages/circle_flags/assets/png/vc.png":["packages/circle_flags/assets/png/vc.png"],"packages/circle_flags/assets/png/ve.png":["packages/circle_flags/assets/png/ve.png"],"packages/circle_flags/assets/png/vg.png":["packages/circle_flags/assets/png/vg.png"],"packages/circle_flags/assets/png/vi.png":["packages/circle_flags/assets/png/vi.png"],"packages/circle_flags/assets/png/vn.png":["packages/circle_flags/assets/png/vn.png"],"packages/circle_flags/assets/png/vu.png":["packages/circle_flags/assets/png/vu.png"],"packages/circle_flags/assets/png/wf.png":["packages/circle_flags/assets/png/wf.png"],"packages/circle_flags/assets/png/ws.png":["packages/circle_flags/assets/png/ws.png"],"packages/circle_flags/assets/png/xk.png":["packages/circle_flags/assets/png/xk.png"],"packages/circle_flags/assets/png/xx.png":["packages/circle_flags/assets/png/xx.png"],"packages/circle_flags/assets/png/ye.png":["packages/circle_flags/assets/png/ye.png"],"packages/circle_flags/assets/png/yiddish.png":["packages/circle_flags/assets/png/yiddish.png"],"packages/circle_flags/assets/png/yt.png":["packages/circle_flags/assets/png/yt.png"],"packages/circle_flags/assets/png/za.png":["packages/circle_flags/assets/png/za.png"],"packages/circle_flags/assets/png/zm.png":["packages/circle_flags/assets/png/zm.png"],"packages/circle_flags/assets/png/zw.png":["packages/circle_flags/assets/png/zw.png"],"packages/cupertino_icons/assets/CupertinoIcons.ttf":["packages/cupertino_icons/assets/CupertinoIcons.ttf"]}